{
  "$schema": "http://json-schema.org/draft-07/schema#",
  "$id": "https://nordicsemiconductor.github.io/asset-tracker-cloud-docs/saga/docs/cloud-protocol/agps-request.schema.json",
  "title": "Asset Tracker v2 A-GPS request",
  "description": "Describes the format used by the device to request A-GPS data.",
  "required": [
    "mcc",
    "mnc",
    "cell",
    "area",
    "types"
  ],
  "additionalProperties": false,
  "type": "object",
  "properties": {
    "mcc": {
      "description": "Mobile country code. In contrast to roaming information (which uses the Modem Information data), neighboring cell measurement reports contain mcc and mnc as separate integers, instead of a string.",
      "minimum": 100,
      "maximum": 999,
      "examples": [
        242
      ],
      "type": "integer"
    },
    "mnc": {
      "description": "Mobile network code.",
      "minimum": 0,
      "maximum": 999,
      "examples": [
        2,
        410
      ],
      "type": "integer"
    },
    "cell": {
      "description": "The cell ID the User Equipment (UE) is camped on. 4-byte Evolved Terrestrial Radio Access Network (E-UTRAN) cell ID.",
      "minimum": 1,
      "examples": [
        33703719
      ],
      "type": "integer"
    },
    "area": {
      "minimum": 1,
      "description": "Area code.",
      "examples": [
        12
      ],
      "type": "integer"
    },
    "phycell": {
      "description": "Physical cell ID",
      "minimum": 1,
      "examples": [
        33703719
      ],
      "type": "integer"
    },
    "types": {
      "description": "The A-GPS data types to return. 1: UTC parameters, 2: Ephemerides, 3: Almanac, 4: Klobuchar ionospheric correction parameters, 6: GPS time of week, 7: GPS system clock and time of week, 8: Approximate location, 9: Satellite integrity data",
      "minItems": 1,
      "examples": [
        [
          1,
          2,
          3,
          4,
          6,
          7,
          8,
          9
        ],
        [
          1,
          2,
          3,
          4,
          6
        ]
      ],
      "type": "array",
      "items": {
        "type": "integer",
        "enum": [
          1,
          2,
          3,
          4,
          6,
          7,
          8,
          9
        ],
        "description": "A-GPS data type.",
        "examples": [
          1
        ]
      }
    }
  }
}