{
  "$id": "https://nordicsemiconductor.github.io/asset-tracker-cloud-docs/saga/docs/cloud-protocol/button.schema.json",
  "description": "The number and the time a button was pushed",
  "type": "object",
  "properties": {
    "v": {
      "description": "ID of the button",
      "minimum": 1,
      "examples": [
        1
      ],
      "type": "integer"
    },
    "ts": {
      "description": "Timestamp as Unix epoch with millisecond precision (UTC) when the button was released",
      "minimum": 1234567890123,
      "examples": [
        1584533788029
      ],
      "type": "integer"
    }
  },
  "required": [
    "v",
    "ts"
  ]
}