{
  "$id": "https://nordicsemiconductor.github.io/asset-tracker-cloud-docs/saga/docs/cloud-protocol/impact.schema.json",
  "description": "The magnitude and time of a motion impact event",
  "type": "object",
  "properties": {
    "v": {
      "description": "Magnitude of the impact in g",
      "minimum": 0,
      "examples": [
        0.5,
        300
      ],
      "type": "number"
    },
    "ts": {
      "description": "Timestamp as Unix epoch with millisecond precision (UTC) when the impact was detected",
      "minimum": 1234567890123,
      "examples": [
        1584533788029
      ],
      "type": "integer"
    }
  },
  "required": [
    "v",
    "ts"
  ]
}