{
  "$schema": "http://json-schema.org/draft-07/schema#",
  "$id": "https://nordicsemiconductor.github.io/asset-tracker-cloud-docs/saga/docs/cloud-protocol/messages.schema.json",
  "title": "Asset Tracker v2 Messages",
  "description": "Describes the messages published by the device",
  "type": "object",
  "properties": {
    "btn": {
      "$id": "https://nordicsemiconductor.github.io/asset-tracker-cloud-docs/saga/docs/cloud-protocol/button.schema.json",
      "description": "The number and the time a button was pushed",
      "type": "object",
      "properties": {
        "v": {
          "description": "ID of the button",
          "minimum": 1,
          "examples": [
            1
          ],
          "type": "integer"
        },
        "ts": {
          "description": "Timestamp as Unix epoch with millisecond precision (UTC) when the button was released",
          "minimum": 1234567890123,
          "examples": [
            1584533788029
          ],
          "type": "integer"
        }
      },
      "required": [
        "v",
        "ts"
      ]
    },
    "impact": {
      "$id": "https://nordicsemiconductor.github.io/asset-tracker-cloud-docs/saga/docs/cloud-protocol/impact.schema.json",
      "description": "The magnitude and time of a motion impact event",
      "type": "object",
      "properties": {
        "v": {
          "description": "Magnitude of the impact in g",
          "minimum": 0,
          "examples": [
            0.5,
            300
          ],
          "type": "number"
        },
        "ts": {
          "description": "Timestamp as Unix epoch with millisecond precision (UTC) when the impact was detected",
          "minimum": 1234567890123,
          "examples": [
            1584533788029
          ],
          "type": "integer"
        }
      },
      "required": [
        "v",
        "ts"
      ]
    }
  }
}