{
  "wifi": {
    "aps": [
      "4ce175805e6f",
      "4ce175805e6e",
      "743aef44b743",
      "743aef44b742",
      "4ce17501156e",
      "4ce17501156f",
      "4ce175bf092e",
      "4ce175bf092f",
      "743aef44b74a",
      "4ce175bf0921",
      "4ce175bf0920",
      "80e01d098f67",
      "80e01d098f65",
      "80e01d098f61",
      "80e01d098f68",
      "80e01d098f62",
      "80e01d098f69",
      "80e01d098f6d",
      "4ce175011560",
      "aa1544ac6c3a",
      "80e01d098f6a",
      "80e01d098f6e",
      "9a1544ac6c3a",
      "9e1544ac6c3a"
    ],
    "ts": 1670591331896
  },
  "lte": {
    "mcc": 242,
    "mnc": 2,
    "cell": 21679716,
    "area": 40401,
    "earfcn": 6446,
    "adv": 80,
    "rsrp": -97,
    "rsrq": -9,
    "nmr": [
      {
        "earfcn": 262143,
        "cell": 501,
        "rsrp": -104,
        "rsrq": -18
      },
      {
        "earfcn": 262265,
        "cell": 503,
        "rsrp": -116,
        "rsrq": -11
      }
    ],
    "ts": 1584533788029
  }
}
