{
  "$schema": "http://json-schema.org/draft-07/schema#",
  "$id": "https://nordicsemiconductor.github.io/asset-tracker-cloud-docs/saga/docs/cloud-protocol/pgps-response.schema.json",
  "title": "Asset Tracker v2 P-GPS response",
  "description": "Describes the format which is used by the cloud to provide P-GPS data to a device.",
  "additionalProperties": false,
  "type": "object",
  "properties": {
    "host": {
      "description": "The hostname for downloading the data.",
      "examples": [
        "example.com"
      ],
      "minLength": 1,
      "maxLength": 253,
      "type": "string"
    },
    "path": {
      "description": "The path for downloading the data, without leading slash.",
      "examples": [
        "public/15131-0_15135-72000.bin"
      ],
      "minLength": 1,
      "type": "string"
    }
  },
  "required": [
    "host",
    "path"
  ]
}