{
  "cfg": {
    "loct": 60,
    "act": false,
    "actwt": 60,
    "mvres": 60,
    "mvt": 3600,
    "accath": 10.5,
    "accith": 5.2,
    "accito": 1.7,
    "nod": []
  },
  "firmware": {
    "fwVersion": "1.2.0",
    "fwPackageURI": "https://fota.blob.core.windows.net/upgrades/79ca833d-f653-48e8-b691-e0c3cfe1400a.bin",
    "fwLocation": {
      "protocol": "https:",
      "host": "fota.blob.core.windows.net",
      "path": "upgrades/79ca833d-f653-48e8-b691-e0c3cfe1400a.bin"
    },
    "fwFragmentSize": 1800
  }
}
